{
    "imuAccNoise": 3.9939570888238808e-03,
    "imuGyrNoise": 1.5636343949698187e-03,
    "imuAccBiasN": 6.4356659353532566e-05,
    "imuGyrBiasN": 3.5640318696367613e-05,
    "imuGravity": 9.80511
  }